Metric,Value
runtime[ms],0.1251697540283203
throughput[images/s],7989.150476190476
DRAM_in_bandwidth[MB/s],0.39945752380952376
DRAM_out_bandwidth[MB/s],0.04793490285714286
fclk[mhz],99.999
batch_size,1
fold_input[ms],0.033855438232421875
pack_input[ms],0.03337860107421875
copy_input_data_to_device[ms],0.1926422119140625
copy_output_data_from_device[ms],0.10085105895996094
unpack_output[ms],1.2803077697753906
unfold_output[ms],0.02288818359375
